datetime,timestamp,open (CHF/BTC),high (CHF/BTC),low (CHF/BTC),close (CHF/BTC),volume,source
2023-07-17,1689552000000,26085.9,26166.8,25555.0,25967.4,38.75030554,Kraken
2023-07-18,1689638400000,25995.2,26031.7,25446.3,25651.1,25.78565483,Kraken
2023-07-19,1689724800000,25662.1,25950.3,25631.3,25701.9,40.26964233,Kraken
2023-07-20,1689811200000,25694.1,26140.6,25654.9,25834.1,23.5464368,Kraken
2023-07-21,1689897600000,25840.1,26047.4,25774.9,25958.7,21.12254914,Kraken
2023-07-22,1689984000000,25954.4,26041.2,25750.2,25793.6,13.13034236,Kraken
2023-07-23,1690070400000,25869.3,26300.0,25822.7,26100.8,7.59191617,Kraken
2023-07-24,1690156800000,26109.5,26109.5,25071.2,25427.1,30.34184558,Kraken
2023-07-25,1690243200000,25409.9,25497.5,25253.3,25288.9,26.84838459,Kraken
2023-07-26,1690329600000,25288.8,25581.9,25200.0,25278.5,30.36497224,Kraken
2023-07-27,1690416000000,25291.0,25563.6,25227.2,25376.5,15.31886396,Kraken
2023-07-28,1690502400000,25435.6,25667.0,25374.8,25512.3,23.40287667,Kraken
2023-07-29,1690588800000,25497.6,25572.2,25476.9,25535.2,11.37917122,Kraken
2023-07-30,1690675200000,25525.2,25625.4,25350.0,25460.0,11.59340377,Kraken
2023-07-31,1690761600000,25466.8,25734.9,25400.0,25523.2,26.8322514,Kraken
2023-08-01,1690848000000,25520.9,25903.4,25170.0,25869.3,18.24942605,Kraken
2023-08-02,1690934400000,25929.2,26185.4,25446.3,25561.8,29.62986365,Kraken
2023-08-03,1691020800000,25613.4,25766.9,25441.6,25578.7,27.54116329,Kraken
2023-08-04,1691107200000,25556.3,25701.5,25250.0,25454.9,38.24394004,Kraken
2023-08-05,1691193600000,25454.9,25454.9,25358.2,25435.8,4.35148955,Kraken
2023-08-06,1691280000000,25429.7,25454.9,25300.0,25401.7,5.99298783,Kraken
2023-08-07,1691366400000,25400.6,25561.5,25120.4,25427.9,21.2636696,Kraken
2023-08-08,1691452800000,25474.9,26420.0,25461.4,26047.3,30.69046499,Kraken
2023-08-09,1691539200000,26100.0,26372.9,25800.0,25978.6,23.25321077,Kraken
2023-08-10,1691625600000,25959.0,26019.2,25690.6,25844.8,15.18039995,Kraken
2023-08-11,1691712000000,25846.7,25903.6,25697.6,25820.2,17.22653347,Kraken
2023-08-12,1691798400000,25822.3,25886.3,25786.7,25856.5,4.67084578,Kraken
2023-08-13,1691884800000,25835.5,25875.0,25719.2,25747.5,6.77407842,Kraken
2023-08-14,1691971200000,25718.2,26030.1,25581.1,25876.4,32.58851177,Kraken
2023-08-15,1692057600000,25827.1,25871.8,25555.0,25657.4,33.28343051,Kraken
2023-08-16,1692144000000,25694.4,25710.7,25342.8,25342.8,21.71322933,Kraken
2023-08-17,1692230400000,25309.9,25359.4,22540.1,23417.7,72.27108305,Kraken
2023-08-18,1692316800000,23430.9,23560.7,22700.0,23067.8,61.25900183,Kraken
2023-08-19,1692403200000,23066.9,23306.9,22855.8,23099.8,11.09615168,Kraken
2023-08-20,1692489600000,23096.2,23250.0,23048.4,23143.5,6.03405907,Kraken
2023-08-21,1692576000000,23097.2,23157.5,22759.0,22975.3,46.23370888,Kraken
2023-08-22,1692662400000,22968.6,22978.3,22378.0,22938.7,41.2654976,Kraken
2023-08-23,1692748800000,22965.7,23553.1,22743.8,23229.4,45.86987162,Kraken
2023-08-24,1692835200000,23245.2,23423.0,22943.4,23151.2,42.34276393,Kraken
2023-08-25,1692921600000,23169.6,23240.9,22899.0,23095.5,36.68795615,Kraken
2023-08-26,1693008000000,23099.3,23127.1,23055.0,23055.0,1.98314505,Kraken
2023-08-27,1693094400000,23059.1,23206.3,23044.0,23113.5,7.92614494,Kraken
2023-08-28,1693180800000,23115.1,23201.9,22887.8,23090.0,31.93091217,Kraken
2023-08-29,1693267200000,23080.7,24730.3,22977.6,24348.1,46.45510831,Kraken
2023-08-30,1693353600000,24367.5,24367.5,23712.0,24013.5,27.08929691,Kraken
2023-08-31,1693440000000,23998.4,24279.8,22751.3,22958.6,34.66922588,Kraken
2023-09-01,1693526400000,22972.9,23083.5,22497.0,22907.0,32.8937838,Kraken
2023-09-02,1693612800000,22890.1,23000.0,22831.6,22931.4,9.31176056,Kraken
2023-09-03,1693699200000,22919.2,23090.4,22872.1,23001.4,10.39340651,Kraken
2023-09-04,1693785600000,22965.9,23042.9,22701.0,22848.6,33.12853091,Kraken
2023-09-05,1693872000000,22861.7,22964.6,22673.9,22942.8,32.70257438,Kraken
2023-09-06,1693958400000,22965.7,23184.4,22659.0,22967.0,19.84659261,Kraken
2023-09-07,1694044800000,22947.5,23596.7,22912.2,23453.7,17.55140413,Kraken
2023-09-08,1694131200000,23450.1,23529.3,22943.4,23196.1,22.54518779,Kraken
2023-09-09,1694217600000,23196.3,23200.0,23103.9,23177.0,7.82595995,Kraken
2023-09-10,1694304000000,23173.9,23201.9,22928.8,23081.2,7.77159076,Kraken
2023-09-11,1694390400000,23084.6,23097.6,22231.8,22411.5,35.66952401,Kraken
2023-09-12,1694476800000,22437.8,23612.1,22431.3,23076.6,27.30477124,Kraken
2023-09-13,1694563200000,23073.3,23560.7,23013.1,23465.6,26.25077991,Kraken
2023-09-14,1694649600000,23464.9,24000.0,23395.3,23800.6,75.95989354,Kraken
2023-09-15,1694736000000,23783.9,24102.4,23542.8,23894.2,16.76191525,Kraken
2023-09-16,1694822400000,23921.7,24015.2,23781.1,23860.9,22.2671774,Kraken
2023-09-17,1694908800000,23870.3,24167.1,23713.4,23803.0,16.94272014,Kraken
2023-09-18,1694995200000,23821.2,24619.1,23735.3,24012.8,36.40878139,Kraken
2023-09-19,1695081600000,23986.3,24660.2,23956.5,24419.6,24.95034596,Kraken
2023-09-20,1695168000000,24419.7,24544.9,24121.6,24421.2,39.43992848,Kraken
2023-09-21,1695254400000,24420.4,24490.0,23892.7,24050.8,19.87224192,Kraken
2023-09-22,1695340800000,24059.7,24232.3,24000.0,24121.8,17.63485166,Kraken
2023-09-23,1695427200000,24124.3,24193.8,24074.3,24138.7,5.77509969,Kraken
2023-09-24,1695513600000,24142.9,24253.8,23741.6,23835.2,8.7414769,Kraken
2023-09-25,1695600000000,23762.5,24109.3,23674.2,23974.9,35.45895829,Kraken
2023-09-26,1695686400000,23975.0,24098.9,23888.7,23999.8,24.24220869,Kraken
2023-09-27,1695772800000,24023.0,24648.0,24000.0,24270.5,33.41301826,Kraken
2023-09-28,1695859200000,24277.3,24980.7,24221.8,24743.8,34.16958623,Kraken
2023-09-29,1695945600000,24778.3,24806.8,24478.6,24685.5,27.7663666,Kraken
2023-09-30,1696032000000,24690.0,24853.3,24679.4,24749.7,9.13990612,Kraken
2023-10-01,1696118400000,24743.0,25609.1,24724.3,25597.5,51.82051577,Kraken
2023-10-02,1696204800000,25610.5,26223.6,25116.5,25299.4,43.97199083,Kraken
2023-10-03,1696291200000,25316.8,25541.5,25059.0,25295.2,75.75378377,Kraken
2023-10-04,1696377600000,25278.7,25554.2,25124.5,25512.4,21.98939634,Kraken
2023-10-05,1696464000000,25492.8,25721.3,25042.9,25056.4,32.30761518,Kraken
2023-10-06,1696550400000,25034.9,25738.3,25000.0,25507.0,28.84097713,Kraken
2023-10-07,1696636800000,25491.6,25564.0,25424.2,25504.9,4.19177442,Kraken
2023-10-08,1696723200000,25504.9,25634.0,25336.6,25425.7,5.44696328,Kraken
2023-10-09,1696809600000,25387.9,25525.2,24806.5,24998.5,50.24432638,Kraken
2023-10-10,1696896000000,24998.4,25128.6,24736.7,24818.6,19.54470576,Kraken
2023-10-11,1696982400000,24809.1,24841.2,24050.0,24173.0,38.23582428,Kraken
2023-10-12,1697068800000,24206.8,24345.5,24033.8,24334.1,18.26911022,Kraken
2023-10-13,1697155200000,24343.8,24502.6,24081.9,24295.6,30.48030328,Kraken
2023-10-14,1697241600000,24314.0,24447.7,24241.9,24295.7,7.70646124,Kraken
2023-10-15,1697328000000,24259.4,24656.8,24247.8,24544.9,6.77952922,Kraken
2023-10-16,1697414400000,24544.9,27253.0,23800.0,25699.9,70.96686681,Kraken
2023-10-17,1697500800000,25648.9,25833.1,25344.5,25608.2,27.51084606,Kraken
2023-10-18,1697587200000,25609.6,26032.2,25344.5,25458.5,30.89672261,Kraken
2023-10-19,1697673600000,25488.8,25863.5,25351.6,25625.5,13.35050936,Kraken
2023-10-20,1697760000000,25635.7,26912.3,25584.8,26490.4,22.11314624,Kraken
2023-10-21,1697846400000,26500.9,27031.5,25500.0,26658.3,36.28788331,Kraken
2023-10-22,1697932800000,26658.3,26948.0,26502.4,26753.8,12.38779943,Kraken
2023-10-23,1698019200000,26746.6,30825.1,26706.6,29432.6,65.30226561,Kraken
2023-10-24,1698105600000,29485.0,31295.9,29357.4,30316.2,123.7244929,Kraken
2023-10-25,1698192000000,30301.1,31471.8,30213.6,30963.6,68.2278302,Kraken
2023-10-26,1698278400000,30987.7,31295.9,30414.2,30750.1,80.98563115,Kraken
2023-10-27,1698364800000,30750.0,30876.4,30158.0,30613.5,45.23550516,Kraken
2023-10-28,1698451200000,30600.4,31056.8,30573.3,30814.3,6.799392,Kraken
2023-10-29,1698537600000,30797.3,31336.8,30699.5,31083.9,42.36681868,Kraken
2023-10-30,1698624000000,31146.7,31516.6,30853.7,31148.7,65.75824292,Kraken
2023-10-31,1698710400000,31197.2,31620.0,30790.1,31579.9,70.96327435,Kraken
2023-11-01,1698796800000,31543.0,32340.0,31028.8,32160.4,34.42046752,Kraken
2023-11-02,1698883200000,32172.3,32500.0,31220.0,31748.8,31.99790611,Kraken
2023-11-03,1698969600000,31657.7,31684.5,30935.5,31290.4,21.67173987,Kraken
2023-11-04,1699056000000,31320.6,31761.7,31121.3,31624.6,22.33749552,Kraken
2023-11-05,1699142400000,31617.8,31827.5,31115.1,31581.2,9.08494228,Kraken
2023-11-06,1699228800000,31537.0,31739.6,31220.0,31544.6,22.61628017,Kraken
2023-11-07,1699315200000,31550.9,32299.7,31186.4,31903.4,75.07088851,Kraken
2023-11-08,1699401600000,31863.8,32436.9,31656.5,32106.8,25.70487253,Kraken
2023-11-09,1699488000000,32075.7,34197.2,32041.9,33185.8,122.70773403,Kraken
2023-11-10,1699574400000,33178.7,33878.5,32894.9,33733.5,41.27538044,Kraken
2023-11-11,1699660800000,33730.0,33797.6,33259.7,33605.9,7.78037898,Kraken
2023-11-12,1699747200000,33605.9,33752.4,33345.9,33477.3,16.68421592,Kraken
2023-11-13,1699833600000,33501.7,33791.9,32849.3,32976.7,22.31552394,Kraken
2023-11-14,1699920000000,32925.0,33220.4,31108.8,31656.9,46.24771769,Kraken
2023-11-15,1700006400000,31649.6,33647.3,31500.0,33601.0,61.72152784,Kraken
2023-11-16,1700092800000,33570.9,33622.0,31600.0,32282.0,35.51317372,Kraken
2023-11-17,1700179200000,32266.9,32626.8,31830.9,32477.6,29.9976498,Kraken
2023-11-18,1700265600000,32497.3,32733.7,32189.0,32547.4,6.56878371,Kraken
2023-11-19,1700352000000,32558.7,33277.2,32354.1,33174.0,5.53444432,Kraken
2023-11-20,1700438400000,33175.0,33451.2,32603.3,33108.3,49.49123957,Kraken
2023-11-21,1700524800000,33147.6,33238.2,31626.1,31626.1,50.12238725,Kraken
2023-11-22,1700611200000,31620.2,33451.3,31562.7,33123.8,25.22636772,Kraken
2023-11-23,1700697600000,33123.9,33280.3,32696.9,33033.1,21.20841419,Kraken
2023-11-24,1700784000000,33039.7,33750.0,32988.7,33297.8,78.31686281,Kraken
2023-11-25,1700870400000,33303.5,33460.3,33265.1,33432.6,4.90215564,Kraken
2023-11-26,1700956800000,33428.4,33428.4,32818.6,33097.6,7.71928323,Kraken
2023-11-27,1701043200000,33070.9,33145.0,32388.0,32762.7,43.91900979,Kraken
2023-11-28,1701129600000,32825.2,33707.3,32520.8,33170.4,42.01181797,Kraken
2023-11-29,1701216000000,33192.3,33682.1,32938.6,33103.3,19.1638236,Kraken
2023-11-30,1701302400000,33071.8,33277.3,32741.1,33026.3,24.50881471,Kraken
2023-12-01,1701388800000,33041.1,33999.9,32912.2,33689.6,97.11400821,Kraken
2023-12-02,1701475200000,33690.3,34488.0,33657.0,34342.7,13.76786008,Kraken
2023-12-03,1701561600000,34326.0,34877.7,34211.1,34713.0,8.48350999,Kraken
2023-12-04,1701648000000,34748.1,36839.6,34748.0,36535.0,93.66292654,Kraken
2023-12-05,1701734400000,36535.0,38900.0,36206.7,38617.8,68.56363783,Kraken
2023-12-06,1701820800000,38582.2,38750.0,37950.9,38327.5,41.79850755,Kraken
2023-12-07,1701907200000,38300.1,38616.3,37430.8,37911.0,38.83261061,Kraken
2023-12-08,1701993600000,37980.2,39349.9,37799.0,38903.7,40.22644044,Kraken
2023-12-09,1702080000000,38925.8,39088.0,38500.0,38558.6,28.6572619,Kraken
2023-12-10,1702166400000,38560.3,38750.0,38383.8,38500.0,11.53178729,Kraken
2023-12-11,1702252800000,38500.0,38534.9,35300.0,36276.8,110.76884595,Kraken
2023-12-12,1702339200000,36272.6,36936.4,35700.0,36321.8,42.37538969,Kraken
2023-12-13,1702425600000,36345.5,37833.3,35600.0,37418.9,29.1173293,Kraken
2023-12-14,1702512000000,37412.6,37650.0,36208.0,37346.4,22.50912533,Kraken
2023-12-15,1702598400000,37346.5,37436.9,36250.9,36564.0,26.36781111,Kraken
2023-12-16,1702684800000,36583.7,37235.9,36331.1,36867.7,12.26170568,Kraken
2023-12-17,1702771200000,36864.4,36972.6,35987.4,36077.8,9.09039431,Kraken
2023-12-18,1702857600000,36077.9,37076.9,35233.0,37009.6,39.76555254,Kraken
2023-12-19,1702944000000,37033.1,37645.5,36100.1,36421.4,24.70414994,Kraken
2023-12-20,1703030400000,36428.7,38150.0,36421.4,37700.4,67.74127327,Kraken
2023-12-21,1703116800000,37713.4,38000.0,37228.7,37601.7,54.45629244,Kraken
2023-12-22,1703203200000,37601.6,38050.0,37071.0,37722.1,56.85448642,Kraken
2023-12-23,1703289600000,37741.2,37748.7,37213.4,37578.4,8.46880955,Kraken
2023-12-24,1703376000000,37576.5,37750.0,36500.0,36972.9,47.72298586,Kraken
2023-12-25,1703462400000,36972.9,37682.5,36972.8,37458.4,24.662367,Kraken
2023-12-26,1703548800000,37454.0,37496.7,35656.6,36370.5,31.98632755,Kraken
2023-12-27,1703635200000,36370.8,36920.0,36039.3,36661.7,23.59511095,Kraken
2023-12-28,1703721600000,36658.2,36900.0,35400.2,36016.2,29.47220535,Kraken
2023-12-29,1703808000000,36009.1,36332.5,34917.6,35348.0,53.9117185,Kraken
2023-12-30,1703894400000,35339.1,35798.6,34600.0,35525.0,22.33778059,Kraken
2023-12-31,1703980800000,35500.3,36025.2,35309.6,35446.0,9.27649585,Kraken
2024-01-01,1704067200000,35465.5,37150.0,35465.5,37150.0,9.40208495,Kraken
2024-01-02,1704153600000,37176.4,38887.9,37176.4,38165.9,51.46556458,Kraken
2024-01-03,1704240000000,38165.9,38782.8,35125.0,36486.9,75.6989587,Kraken
2024-01-04,1704326400000,36514.2,38108.8,36363.1,37617.0,39.09644401,Kraken
2024-01-05,1704412800000,37653.9,37844.2,36164.4,37657.6,53.50611631,Kraken
2024-01-06,1704499200000,37651.9,37651.9,37091.0,37523.0,8.47735904,Kraken
2024-01-07,1704585600000,37523.0,37943.3,37229.9,37336.6,13.35103075,Kraken
2024-01-08,1704672000000,37432.2,40025.2,36887.4,39826.6,92.51061065,Kraken
2024-01-09,1704758400000,39849.9,40890.8,38402.0,39358.2,71.73700308,Kraken
2024-01-10,1704844800000,39373.3,40585.0,37942.5,39670.3,113.37775335,Kraken
2024-01-11,1704931200000,39751.4,42000.0,38896.2,39562.1,189.09685407,Kraken
2024-01-12,1705017600000,39502.2,39608.9,35545.1,36592.8,160.60962294,Kraken
2024-01-13,1705104000000,36543.6,36981.5,34700.0,36521.3,35.66290876,Kraken
2024-01-14,1705190400000,36537.8,36732.2,35584.2,35721.3,10.09101586,Kraken
2024-01-15,1705276800000,35628.0,37145.8,35613.7,36402.1,33.87133788,Kraken
2024-01-16,1705363200000,36344.8,37562.3,36265.8,37228.3,21.41311514,Kraken
2024-01-17,1705449600000,37206.3,37208.1,36650.0,36929.9,20.04007303,Kraken
2024-01-18,1705536000000,36956.5,37153.1,35315.6,35871.9,45.59875554,Kraken
2024-01-19,1705622400000,35880.0,36603.4,35071.3,36221.8,28.76405127,Kraken
2024-01-20,1705708800000,36240.4,36392.1,36062.3,36236.2,2.64684818,Kraken
2024-01-21,1705795200000,36259.7,36419.3,36115.6,36120.9,6.55975232,Kraken
2024-01-22,1705881600000,36126.0,36187.8,34330.0,34350.0,46.28986166,Kraken
2024-01-23,1705968000000,34350.0,34787.1,32205.6,34706.1,91.54804564,Kraken
2024-01-24,1706054400000,34744.0,35075.4,34116.5,34666.5,39.11002575,Kraken
2024-01-25,1706140800000,34623.9,34874.1,34334.9,34631.7,23.22741168,Kraken
2024-01-26,1706227200000,34667.4,36480.0,34613.3,36232.8,58.48768216,Kraken
2024-01-27,1706313600000,36209.0,36500.0,35839.9,36493.5,5.14224622,Kraken
2024-01-28,1706400000000,36500.0,36999.9,36115.6,36375.1,10.67488552,Kraken
2024-01-29,1706486400000,36393.7,37400.0,36179.7,37293.3,25.37609473,Kraken
2024-01-30,1706572800000,37332.4,37840.0,36887.4,36997.7,36.45501818,Kraken
2024-01-31,1706659200000,37049.2,37621.3,36512.6,36743.9,19.50893147,Kraken
2024-02-01,1706745600000,36739.6,37100.8,36220.2,36952.1,41.40039516,Kraken
2024-02-02,1706832000000,36995.4,37599.9,36786.2,37444.3,12.61078968,Kraken
2024-02-03,1706918400000,37449.0,37537.1,37241.2,37325.1,5.08208237,Kraken
2024-02-04,1707004800000,37325.2,37415.7,36729.9,36951.2,4.22799638,Kraken
2024-02-05,1707091200000,36963.6,37839.9,36770.5,37168.2,13.97994036,Kraken
2024-02-06,1707177600000,37188.2,37778.0,37049.1,37396.1,18.3122017,Kraken
2024-02-07,1707264000000,37371.7,38720.0,37257.2,38720.0,30.0092301,Kraken
2024-02-08,1707350400000,38720.0,39800.0,38720.0,39519.3,38.90392424,Kraken
2024-02-09,1707436800000,39513.7,42812.4,39500.0,41172.1,91.57249245,Kraken
2024-02-10,1707523200000,41172.3,42040.0,41056.5,41757.1,22.28193947,Kraken
2024-02-11,1707609600000,41756.4,42396.3,41633.2,42105.7,11.21284607,Kraken
2024-02-12,1707696000000,42105.9,43992.8,41788.6,43696.6,59.43532287,Kraken
2024-02-13,1707782400000,43716.6,44200.0,42711.5,44098.4,31.19436527,Kraken
2024-02-14,1707868800000,44097.6,46155.8,43688.6,45903.2,58.05478166,Kraken
2024-02-15,1707955200000,45928.8,46530.3,45243.1,45717.0,34.22132181,Kraken
2024-02-16,1708041600000,45715.1,46404.5,45596.2,46045.6,33.6909414,Kraken
2024-02-17,1708128000000,46046.4,46076.0,44733.2,45539.3,11.14549451,Kraken
2024-02-18,1708214400000,45569.8,46112.0,45199.8,45967.5,10.20331895,Kraken
2024-02-19,1708300800000,45966.5,46271.2,45572.3,45725.4,22.41590385,Kraken
2024-02-20,1708387200000,45724.6,46590.0,44802.9,46129.1,33.24277675,Kraken
2024-02-21,1708473600000,46133.3,46224.2,44631.2,45610.8,21.55858497,Kraken
2024-02-22,1708560000000,45633.9,45836.1,44860.7,45219.5,14.16329359,Kraken
2024-02-23,1708646400000,45238.1,45416.4,44650.0,44899.3,27.90998328,Kraken
2024-02-24,1708732800000,44809.6,45540.0,44672.4,45483.7,11.27062565,Kraken
2024-02-25,1708819200000,45483.7,45776.7,45284.6,45627.3,7.81641942,Kraken
2024-02-26,1708905600000,45627.6,48388.1,44902.4,47828.7,42.72848056,Kraken
2024-02-27,1708992000000,47840.0,50600.0,47697.3,49994.9,64.64015914,Kraken
2024-02-28,1709078400000,49997.8,56246.3,49064.4,54903.0,151.58463577,Kraken
2024-02-29,1709164800000,54883.5,55890.9,45900.0,54090.6,104.88963962,Kraken
2024-03-01,1709251200000,54046.8,55600.0,53702.5,55156.0,45.65053274,Kraken
2024-03-02,1709337600000,55145.2,55186.5,54500.4,54854.1,13.55043014,Kraken
2024-03-03,1709424000000,54833.2,55850.0,54352.6,55752.9,24.92116513,Kraken
2024-03-04,1709510400000,55782.5,60566.9,55107.7,60385.5,77.31866786,Kraken
2024-03-05,1709596800000,60419.8,60980.0,51941.2,56313.1,117.195004,Kraken
2024-03-06,1709683200000,56277.9,59829.8,55557.6,58371.3,51.22432676,Kraken
2024-03-07,1709769600000,58374.8,59800.0,58000.0,58776.5,25.13268445,Kraken
2024-03-08,1709856000000,58776.1,61200.0,58010.2,59800.7,55.10643754,Kraken
2024-03-09,1709942400000,59835.0,60069.6,59558.5,59959.0,18.09028147,Kraken
2024-03-10,1710028800000,59958.8,61150.0,59270.6,60012.2,34.50289535,Kraken
2024-03-11,1710115200000,60055.9,63750.0,58765.0,63233.9,95.82987115,Kraken
2024-03-12,1710201600000,63229.1,63800.0,59978.0,62720.0,71.48175855,Kraken
2024-03-13,1710288000000,62733.7,64500.0,62620.2,64197.4,57.58954177,Kraken
2024-03-14,1710374400000,64211.5,64750.0,60565.1,63235.7,46.56778747,Kraken
2024-03-15,1710460800000,63235.7,64000.0,57886.7,61481.3,95.82887569,Kraken
2024-03-16,1710547200000,61518.4,61988.0,57369.3,57815.3,27.0675112,Kraken
2024-03-17,1710633600000,57768.2,60740.0,57011.0,60276.6,41.14889906,Kraken
2024-03-18,1710720000000,60268.9,60800.0,59100.0,60019.7,26.15546422,Kraken
2024-03-19,1710806400000,60035.0,60350.0,54701.1,55045.2,87.22044653,Kraken
2024-03-20,1710892800000,55029.9,60380.0,54101.1,60143.2,78.16605816,Kraken
2024-03-21,1710979200000,60164.9,60799.8,58000.1,58866.7,46.64503056,Kraken
2024-03-22,1711065600000,58852.7,59840.0,56030.2,57300.0,34.99439291,Kraken
2024-03-23,1711152000000,57300.0,59200.0,56742.2,57578.6,11.64005727,Kraken
2024-03-24,1711238400000,57513.5,60600.0,57432.5,60346.4,34.3279311,Kraken
2024-03-25,1711324800000,60309.4,63850.0,59626.3,62865.0,76.1223186,Kraken
2024-03-26,1711411200000,62845.2,64300.0,62558.5,63241.1,60.33191648,Kraken
2024-03-27,1711497600000,63241.1,64850.0,61791.3,62793.3,55.0957369,Kraken
2024-03-28,1711584000000,62791.3,64634.7,62317.2,63766.1,51.31866904,Kraken
2024-03-29,1711670400000,63798.5,63903.1,62332.1,62894.6,11.38542045,Kraken
2024-03-30,1711756800000,62927.4,63360.6,62707.2,62785.5,4.84980016,Kraken
2024-03-31,1711843200000,62785.5,63993.3,62758.9,63885.5,10.43599906,Kraken
2024-04-01,1711929600000,63868.8,63984.2,61328.8,62318.2,22.06854748,Kraken
2024-04-02,1712016000000,62313.9,62313.9,58601.0,59477.1,51.65425285,Kraken
2024-04-03,1712102400000,59502.9,60649.4,58746.8,59741.1,16.7429909,Kraken
2024-04-04,1712188800000,59634.5,62680.0,58900.1,61793.5,42.09130311,Kraken
2024-04-05,1712275200000,61848.9,61954.9,59844.1,61319.9,30.92310213,Kraken
2024-04-06,1712361600000,61218.1,62857.4,60962.0,62233.2,18.1190074,Kraken
2024-04-07,1712448000000,62276.4,63200.0,62200.0,62498.0,8.77550792,Kraken
2024-04-08,1712534400000,62498.0,65815.0,62387.9,64745.3,65.36234437,Kraken
2024-04-09,1712620800000,64729.3,64806.2,61774.8,62477.4,26.1268844,Kraken
2024-04-10,1712707200000,62463.9,64739.4,61121.0,64376.9,29.6150472,Kraken
2024-04-11,1712793600000,64378.0,65100.0,63394.4,63803.5,25.15158672,Kraken
2024-04-12,1712880000000,63778.7,64944.7,59412.5,61481.3,58.38630708,Kraken
2024-04-13,1712966400000,61445.3,62131.3,56101.0,59385.1,68.15627274,Kraken
2024-04-14,1713052800000,59350.8,60297.8,57980.0,60261.0,41.90359206,Kraken
2024-04-15,1713139200000,60247.1,61225.6,57086.0,57925.8,34.75307907,Kraken
2024-04-16,1713225600000,57868.3,58726.9,56373.0,58211.0,40.56305106,Kraken
2024-04-17,1713312000000,58304.9,59200.0,54392.4,55841.7,52.52509138,Kraken
2024-04-18,1713398400000,55839.9,58389.0,55381.5,58008.9,47.01674368,Kraken
2024-04-19,1713484800000,58002.5,59500.0,54000.0,58246.0,54.49045571,Kraken
2024-04-20,1713571200000,58157.3,59497.6,57540.4,59205.8,6.97026592,Kraken
2024-04-21,1713657600000,59199.1,59800.0,58580.0,59164.1,18.96433858,Kraken
2024-04-22,1713744000000,59184.0,61290.4,58828.0,61001.8,35.90668577,Kraken
2024-04-23,1713830400000,60999.5,61264.8,60138.5,60530.8,33.60966568,Kraken
2024-04-24,1713916800000,60535.3,61100.0,58286.5,58779.4,27.30679926,Kraken
2024-04-25,1714003200000,58778.0,59500.0,57500.0,58943.0,19.79045799,Kraken
2024-04-26,1714089600000,58912.6,59000.0,57828.1,58276.1,26.1979302,Kraken
2024-04-27,1714176000000,58217.7,58239.1,57108.0,57983.7,6.88106647,Kraken
2024-04-28,1714262400000,57999.9,58775.5,57350.8,57500.0,6.5289845,Kraken
2024-04-29,1714348800000,57523.7,58000.0,56444.0,57786.1,62.70035337,Kraken
2024-04-30,1714435200000,57730.8,58400.0,54407.6,55815.5,42.21775714,Kraken
2024-05-01,1714521600000,55780.5,55815.9,52019.6,53421.0,91.77804041,Kraken
2024-05-02,1714608000000,53500.3,54150.0,52270.2,53775.0,74.01299819,Kraken
2024-05-03,1714694400000,53768.7,57300.0,53443.6,57082.0,49.71874847,Kraken
2024-05-04,1714780800000,57030.6,58437.4,56713.4,57881.5,21.33467409,Kraken
2024-05-05,1714867200000,58002.4,58384.7,57020.0,57843.2,24.52122839,Kraken
2024-05-06,1714953600000,57848.0,59100.0,56928.8,57330.9,67.15867802,Kraken
2024-05-07,1715040000000,57372.8,58300.0,56666.7,56714.6,18.27754261,Kraken
2024-05-08,1715126400000,56650.0,57279.9,55381.4,55611.3,12.17915274,Kraken
2024-05-09,1715212800000,55596.5,57400.0,55198.2,56996.2,14.33483509,Kraken
2024-05-10,1715299200000,57062.3,57548.9,54676.4,55400.0,21.06782381,Kraken
2024-05-11,1715385600000,55400.0,55744.5,55000.0,55216.9,12.79348024,Kraken
2024-05-12,1715472000000,55227.3,56104.5,55045.1,55804.5,5.28675373,Kraken
2024-05-13,1715558400000,55803.2,57500.0,55172.2,57138.5,40.02782657,Kraken
2024-05-14,1715644800000,57147.8,57308.9,55500.0,55858.4,11.66626165,Kraken
2024-05-15,1715731200000,55858.5,59950.0,55694.5,59668.7,66.11166218,Kraken
2024-05-16,1715817600000,59696.7,60140.0,58542.5,59201.9,47.00410819,Kraken
2024-05-17,1715904000000,59260.0,61273.7,59231.9,60981.7,14.61171634,Kraken
2024-05-18,1715990400000,60845.0,61215.7,60611.0,60867.6,7.50459914,Kraken
2024-05-19,1716076800000,60890.4,61400.0,60017.2,60222.2,34.41789271,Kraken
2024-05-20,1716163200000,60265.7,64700.0,60188.2,64648.5,30.90267,Kraken
2024-05-21,1716249600000,64700.0,65000.0,62871.1,63736.8,39.26443745,Kraken
2024-05-22,1716336000000,63732.7,64355.8,62955.6,63266.5,13.44542523,Kraken
2024-05-23,1716422400000,63376.0,63997.5,60796.1,62175.1,18.95678834,Kraken
2024-05-24,1716508800000,62136.3,63330.5,61106.6,62766.6,15.59923196,Kraken
2024-05-25,1716595200000,62759.9,63693.5,62759.9,63432.5,2.00141151,Kraken
2024-05-26,1716681600000,63427.1,63500.0,62335.4,62500.0,5.84319692,Kraken
2024-05-27,1716768000000,62500.0,64400.0,62452.7,63418.6,15.76169877,Kraken
2024-05-28,1716854400000,63388.3,63400.3,61445.6,62345.8,18.01782906,Kraken
2024-05-29,1716940800000,62371.7,62834.4,61412.0,61731.1,12.34637823,Kraken
2024-05-30,1717027200000,61800.0,62800.0,61126.2,61806.5,15.32702229,Kraken
2024-05-31,1717113600000,61765.3,62415.8,60275.2,60956.8,19.15954688,Kraken
2024-06-01,1717200000000,60956.8,61282.5,60954.4,61153.7,3.21715143,Kraken
2024-06-02,1717286400000,61149.7,61699.9,60803.9,61103.4,3.61888297,Kraken
2024-06-03,1717372800000,61104.5,63272.7,61000.1,61622.0,53.79760828,Kraken
2024-06-04,1717459200000,61633.9,63199.9,61334.2,62831.3,13.16585358,Kraken
2024-06-05,1717545600000,62838.0,64164.4,62812.3,63442.7,31.28640845,Kraken
2024-06-06,1717632000000,63492.9,63899.7,62522.0,63003.7,24.85143572,Kraken
2024-06-07,1717718400000,63005.9,64100.0,61472.1,62342.4,64.01731968,Kraken
2024-06-08,1717804800000,62321.7,62581.7,62266.1,62411.0,3.62786683,Kraken
2024-06-09,1717891200000,62406.8,62882.8,62281.7,62571.9,5.87236177,Kraken
2024-06-10,1717977600000,62542.8,62930.3,62111.7,62346.0,12.93870078,Kraken
2024-06-11,1718064000000,62392.1,62404.7,59500.0,60522.0,24.83614651,Kraken
2024-06-12,1718150400000,60477.8,62358.4,60162.1,61095.6,25.62338586,Kraken
2024-06-13,1718236800000,61081.7,61142.0,59122.4,59662.2,40.06890137,Kraken
2024-06-14,1718323200000,59717.2,60038.5,58050.0,58859.6,21.67400362,Kraken
2024-06-15,1718409600000,58866.2,59112.2,58754.8,58997.9,6.62211887,Kraken
2024-06-16,1718496000000,58997.9,59585.5,58847.8,59331.9,4.14569181,Kraken
2024-06-17,1718582400000,59349.7,59735.6,58110.8,59098.2,26.39599527,Kraken
2024-06-18,1718668800000,59092.9,59093.0,56700.0,57649.6,145.477636,Kraken
2024-06-19,1718755200000,57629.9,58087.2,57257.7,57440.5,9.56616809,Kraken
2024-06-20,1718841600000,57384.7,59099.5,57367.8,57836.7,22.17660103,Kraken
2024-06-21,1718928000000,57825.2,57913.6,56697.4,57234.9,13.60992863,Kraken
2024-06-22,1719014400000,57277.3,57618.0,57105.0,57325.1,4.26224088,Kraken
2024-06-23,1719100800000,57325.1,57518.1,56466.8,56466.8,7.19617168,Kraken
2024-06-24,1719187200000,56459.4,56482.4,52324.9,53874.0,44.4151223,Kraken
2024-06-25,1719273600000,53869.7,55734.5,53825.8,55338.4,30.50554676,Kraken
2024-06-26,1719360000000,55347.8,55870.5,54516.5,54567.1,19.41448608,Kraken
2024-06-27,1719446400000,54570.7,55890.6,54396.2,55364.5,11.64312047,Kraken
2024-06-28,1719532800000,55364.6,55862.0,53925.4,54240.0,10.77602298,Kraken
2024-06-29,1719619200000,54239.9,54999.9,54239.9,54835.2,2.72489269,Kraken
2024-06-30,1719705600000,54818.7,56509.6,54613.2,56449.9,28.05931132,Kraken
2024-07-01,1719792000000,56424.5,57625.4,56266.9,56779.7,23.7807207,Kraken
2024-07-02,1719878400000,56774.3,57079.8,55877.9,56107.0,14.6579017,Kraken
2024-07-03,1719964800000,56112.2,56237.4,53603.8,54291.3,51.98763339,Kraken
2024-07-04,1720051200000,54273.2,54440.1,51133.3,51462.8,39.1757487,Kraken
2024-07-05,1720137600000,51318.2,51690.1,48301.0,50922.3,132.98171512,Kraken
2024-07-06,1720224000000,50857.1,52499.9,50363.4,52394.3,7.70981907,Kraken
2024-07-07,1720310400000,52380.8,52479.0,50000.0,50064.3,8.8071427,Kraken
2024-07-08,1720396800000,50070.6,52064.7,48761.1,50958.5,39.65441434,Kraken
2024-07-09,1720483200000,50943.3,52253.4,50653.6,52067.2,18.53222081,Kraken
2024-07-10,1720569600000,52063.9,53288.4,51503.8,51919.5,27.30149844,Kraken
2024-07-11,1720656000000,51939.5,53396.0,51225.9,51418.6,11.35143031,Kraken
2024-07-12,1720742400000,51418.6,52411.5,50766.5,51876.9,27.11120066,Kraken
2024-07-13,1720828800000,51876.2,53492.0,51768.7,53003.8,13.857908,Kraken
2024-07-14,1720915200000,53003.8,54862.6,53003.8,54566.4,8.11701944,Kraken
2024-07-15,1721001600000,54549.3,58032.0,54449.0,58032.0,35.21185871,Kraken
2024-07-16,1721088000000,58038.7,58397.5,56031.8,58227.4,40.33837081,Kraken
2024-07-17,1721174400000,58258.5,59077.0,56572.4,56572.4,26.79892085,Kraken
2024-07-18,1721260800000,56572.4,57647.3,56163.4,56812.0,11.09759718,Kraken
2024-07-19,1721347200000,56835.6,59828.2,56368.4,59177.8,60.6098334,Kraken
2024-07-20,1721433600000,59177.9,60245.2,58874.3,59631.5,9.98817201,Kraken
2024-07-21,1721520000000,59656.1,60620.3,58543.0,60233.9,4.39022477,Kraken
2024-07-22,1721606400000,60370.6,60700.0,59313.2,60173.5,14.88738236,Kraken
2024-07-23,1721692800000,60168.5,60266.6,58435.8,58780.3,34.05899795,Kraken
2024-07-24,1721779200000,58801.5,59286.8,57717.7,57929.7,11.43082041,Kraken
2024-07-25,1721865600000,57898.6,58235.1,55928.8,57973.4,21.75419275,Kraken
2024-07-26,1721952000000,57993.2,60227.6,57982.1,60047.9,43.38589828,Kraken
2024-07-27,1722038400000,60061.0,61121.0,59019.0,59936.3,7.69212918,Kraken
2024-07-28,1722124800000,59979.7,60297.2,59192.4,60297.2,5.29873742,Kraken
2024-07-29,1722211200000,60342.4,61962.6,59000.0,59207.5,25.28618403,Kraken
2024-07-30,1722297600000,59211.4,59401.8,57779.3,58393.6,40.83222373,Kraken
2024-07-31,1722384000000,58391.9,58849.9,56735.9,56810.0,17.96071741,Kraken
2024-08-01,1722470400000,56802.1,57243.9,54450.1,57083.5,20.04702207,Kraken
2024-08-02,1722556800000,57071.0,57180.7,52631.6,52822.1,24.4623682,Kraken
2024-08-03,1722643200000,52822.1,53492.6,51414.1,52124.1,35.76407028,Kraken
2024-08-04,1722729600000,52075.6,52394.6,48999.9,49824.7,84.95451341,Kraken
2024-08-05,1722816000000,49835.8,50011.5,37853.9,46206.8,493.93975546,Kraken
2024-08-06,1722902400000,46231.3,48769.7,46231.3,47740.7,110.29026877,Kraken
2024-08-07,1722988800000,47868.6,49904.6,47124.3,47400.0,94.85411224,Kraken
2024-08-08,1723075200000,47485.7,54365.0,47069.1,53590.3,78.53913789,Kraken
2024-08-09,1723161600000,53562.5,53584.3,51557.5,52668.4,19.09603487,Kraken
2024-08-10,1723248000000,52668.3,53114.5,52217.2,52762.5,2.30699418,Kraken
2024-08-11,1723334400000,52835.9,53530.9,50200.0,50949.0,62.21671979,Kraken
2024-08-12,1723420800000,50857.2,52631.6,50039.0,51329.8,36.08016236,Kraken
2024-08-13,1723507200000,51370.9,53152.2,50765.4,52350.4,46.21495043,Kraken
2024-08-14,1723593600000,52385.9,53290.0,50671.9,50872.9,61.974266,Kraken
2024-08-15,1723680000000,50857.2,52123.7,49142.5,50400.2,9.56168008,Kraken
2024-08-16,1723766400000,50309.4,51865.3,49892.9,51070.2,8.938329,Kraken
2024-08-17,1723852800000,51041.2,51733.7,51041.2,51503.8,1.43406443,Kraken
2024-08-18,1723939200000,51581.2,52216.9,50765.4,50765.4,5.03273699,Kraken
2024-08-19,1724025600000,50712.2,51347.0,50151.4,51338.9,10.10901182,Kraken
2024-08-20,1724112000000,51313.8,52917.4,50187.8,50491.3,21.19243797,Kraken
2024-08-21,1724198400000,50427.5,52599.9,50300.0,52027.0,33.2742639,Kraken
2024-08-22,1724284800000,52028.1,52353.4,50917.9,51462.9,40.99243455,Kraken
2024-08-23,1724371200000,51460.2,55000.0,51460.2,54271.7,61.56805232,Kraken
2024-08-24,1724457600000,54310.1,54619.7,53930.8,54271.7,17.47468218,Kraken
2024-08-25,1724544000000,54369.8,54961.8,54094.3,54380.7,6.63697395,Kraken
2024-08-26,1724630400000,54381.5,54496.2,53278.2,53300.9,26.38598337,Kraken
2024-08-27,1724716800000,53273.0,53578.2,49000.0,50230.0,23.7276357,Kraken
2024-08-28,1724803200000,50128.1,50866.0,48824.3,49763.6,20.38509279,Kraken
2024-08-29,1724889600000,49733.5,51856.7,49624.0,50278.8,36.98182615,Kraken
2024-08-30,1724976000000,50332.1,50835.2,49206.2,50295.5,31.36837938,Kraken
2024-08-31,1725062400000,50299.5,50500.0,50026.3,50180.0,2.90711015,Kraken
2024-09-01,1725148800000,50179.9,50225.9,48734.0,48753.4,7.58021221,Kraken
2024-09-02,1725235200000,48765.3,50548.0,48680.0,50413.5,21.04120438,Kraken
2024-09-03,1725321600000,50400.3,50903.3,48869.6,48869.6,9.91374628,Kraken
2024-09-04,1725408000000,48877.7,49570.2,47300.0,49026.2,85.24782338,Kraken
2024-09-05,1725494400000,49023.7,49306.6,47100.0,47427.4,14.63576699,Kraken
2024-09-06,1725580800000,47427.3,48175.9,44417.8,45502.0,31.4995731,Kraken
2024-09-07,1725667200000,45502.0,46261.6,45390.5,45636.8,45.19549617,Kraken
2024-09-08,1725753600000,45636.9,46622.3,45214.4,46286.9,4.88599035,Kraken
2024-09-09,1725840000000,46312.4,49231.2,46219.5,48525.5,40.85124892,Kraken
2024-09-10,1725926400000,48511.1,49128.3,47917.5,48828.8,23.75432409,Kraken
2024-09-11,1726012800000,48842.1,49333.0,47144.1,48987.9,85.70561999,Kraken
2024-09-12,1726099200000,48908.7,50000.0,48908.5,49478.4,44.43098282,Kraken
2024-09-13,1726185600000,49451.9,51447.3,48824.6,51447.3,47.06632599,Kraken
2024-09-14,1726272000000,51399.0,51443.9,50582.5,50923.7,3.9484088,Kraken
2024-09-15,1726358400000,50946.6,51223.7,49920.8,50056.1,4.95083058,Kraken
2024-09-16,1726444800000,50163.1,50163.1,48641.9,49274.6,33.40912838,Kraken
2024-09-17,1726531200000,49261.2,52000.0,48712.9,50857.1,21.08828467,Kraken
2024-09-18,1726617600000,51041.1,52253.0,50128.0,52253.0,44.55809883,Kraken
2024-09-19,1726704000000,52313.5,54129.3,52313.5,53415.4,62.37321547,Kraken
2024-09-20,1726790400000,53386.2,54267.6,53108.8,53705.0,31.48678894,Kraken
2024-09-21,1726876800000,53687.1,53985.3,53478.4,53907.7,4.70232086,Kraken
2024-09-22,1726963200000,53883.8,54288.0,53050.0,54100.0,2.79194368,Kraken
2024-09-23,1727049600000,54099.9,55000.0,53300.9,53652.4,18.93646699,Kraken
2024-09-24,1727136000000,53664.7,54444.9,52852.9,54173.8,23.11618589,Kraken
2024-09-25,1727222400000,54076.1,54468.0,53528.7,53647.3,17.7072873,Kraken
2024-09-26,1727308800000,53687.1,55679.6,52791.9,55061.1,42.03228171,Kraken
2024-09-27,1727395200000,55160.1,56037.7,54962.5,55307.8,21.00210291,Kraken
2024-09-28,1727481600000,55347.2,55654.8,55143.9,55456.0,13.96452353,Kraken
2024-09-29,1727568000000,55467.8,55857.6,55186.0,55301.6,13.08883346,Kraken
2024-09-30,1727654400000,55221.0,55246.4,53210.0,53501.7,37.70787751,Kraken
2024-10-01,1727740800000,53590.3,54369.8,50975.9,51612.1,17.17276141,Kraken
2024-10-02,1727827200000,51503.9,52966.0,51020.9,51572.0,17.21790333,Kraken
2024-10-03,1727913600000,51556.9,52441.9,51005.5,51795.6,13.79058062,Kraken
2024-10-04,1728000000000,51783.6,53640.8,51564.8,53261.1,34.88082208,Kraken
2024-10-05,1728086400000,53247.0,53417.9,52869.4,53126.6,4.6637626,Kraken
2024-10-06,1728172800000,53185.1,53937.1,53000.0,53881.3,3.79817586,Kraken
2024-10-07,1728259200000,53882.1,55061.0,53022.4,53204.7,39.25171867,Kraken
2024-10-08,1728345600000,53192.2,54061.4,52915.9,53320.0,95.68109578,Kraken
2024-10-09,1728432000000,53266.1,53700.1,51998.9,52224.8,88.49447836,Kraken
2024-10-10,1728518400000,52190.9,52662.1,50517.3,51584.6,17.08579938,Kraken
2024-10-11,1728604800000,51636.7,54275.0,51506.1,53512.5,35.88040399,Kraken
2024-10-12,1728691200000,53591.3,54312.8,53573.8,54093.7,4.00027662,Kraken
2024-10-13,1728777600000,54093.8,54147.2,53100.0,53858.8,5.32227595,Kraken
2024-10-14,1728864000000,53857.4,57132.3,53610.4,56875.5,33.69725962,Kraken
2024-10-15,1728950400000,56878.8,58391.1,54000.0,57811.0,69.81897267,Kraken
2024-10-16,1729036800000,57810.5,58990.3,57563.0,58545.5,21.36756678,Kraken
2024-10-17,1729123200000,58614.4,58693.1,57620.2,58303.6,12.42848127,Kraken
2024-10-18,1729209600000,58383.8,59695.4,58206.1,59199.4,45.07670902,Kraken
2024-10-19,1729296000000,59137.0,59290.6,58800.0,59022.3,3.17631726,Kraken
2024-10-20,1729382400000,59036.0,59873.8,58863.6,59532.3,7.75124077,Kraken
2024-10-21,1729468800000,59604.7,59989.2,57829.5,58346.2,38.46621309,Kraken
2024-10-22,1729555200000,58335.2,58643.4,57682.3,58267.6,21.44956517,Kraken
2024-10-23,1729641600000,58267.5,58335.2,56427.3,57784.8,16.11134913,Kraken
2024-10-24,1729728000000,57703.3,59100.0,57613.9,58970.4,56.76924009,Kraken
2024-10-25,1729814400000,58997.6,59444.0,57022.0,57910.1,60.17711693,Kraken
2024-10-26,1729900800000,57910.3,58398.5,57811.1,58205.4,7.11974534,Kraken
2024-10-27,1729987200000,58195.6,59200.0,58078.5,59036.2,5.38549871,Kraken
2024-10-28,1730073600000,59030.7,60666.0,58801.0,60421.3,48.40103112,Kraken
2024-10-29,1730160000000,60456.0,63600.0,60313.4,62803.3,93.04246127,Kraken
2024-10-30,1730246400000,62811.3,62923.7,61619.0,62660.7,20.62035118,Kraken
2024-10-31,1730332800000,62601.3,62800.0,60200.0,60698.5,21.12765805,Kraken
2024-11-01,1730419200000,60698.5,61962.6,59445.4,60172.3,22.25638357,Kraken
2024-11-02,1730505600000,60171.3,60677.9,60028.5,60220.4,5.4614926,Kraken
2024-11-03,1730592000000,60294.4,60294.4,58600.0,59579.9,9.09586105,Kraken
2024-11-04,1730678400000,59512.3,60499.9,57820.8,58625.4,41.20426616,Kraken
2024-11-05,1730764800000,58652.0,60880.9,58440.6,59936.3,30.21515153,Kraken
2024-11-06,1730851200000,59855.0,66500.0,59828.3,66041.1,210.93484267,Kraken
2024-11-07,1730937600000,66041.1,67000.0,64715.9,66163.9,58.62630192,Kraken
2024-11-08,1731024000000,66135.6,67567.6,66017.5,66968.9,43.28316523,Kraken
2024-11-09,1731110400000,67033.7,67318.5,66450.0,67208.1,20.54466331,Kraken
2024-11-10,1731196800000,67208.2,70900.0,67016.1,70193.4,60.4128367,Kraken
2024-11-11,1731283200000,70193.4,77727.3,70149.0,77717.4,164.70532548,Kraken
2024-11-12,1731369600000,77727.7,79169.6,74000.0,77152.2,119.21636357,Kraken
2024-11-13,1731456000000,77147.7,82000.0,75049.7,79882.7,143.61954692,Kraken
2024-11-14,1731542400000,79800.0,81499.9,77050.1,77626.2,105.52093133,Kraken
2024-11-15,1731628800000,77669.3,81250.0,77429.0,80199.9,79.50008644,Kraken
2024-11-16,1731715200000,80287.2,81076.9,79752.5,80352.7,51.06149052,Kraken
2024-11-17,1731801600000,80437.8,80851.0,77837.0,79429.9,36.295894,Kraken
2024-11-18,1731888000000,79429.9,81750.0,79168.3,79512.4,72.52990835,Kraken
2024-11-19,1731974400000,79606.5,82250.0,79543.7,81264.1,96.70985926,Kraken
2024-11-20,1732060800000,81315.7,83750.0,80853.6,82859.4,57.17937242,Kraken
2024-11-21,1732147200000,82859.4,87300.0,82859.4,86722.6,119.55632391,Kraken
2024-11-22,1732233600000,86715.1,88600.0,86008.7,87863.4,84.99286653,Kraken
2024-11-23,1732320000000,87941.9,88054.5,85923.9,86713.3,22.63823619,Kraken
2024-11-24,1732406400000,86693.4,87299.6,84144.5,86967.6,29.15817552,Kraken
2024-11-25,1732492800000,87032.5,87885.8,81680.3,82480.6,63.6338566,Kraken
2024-11-26,1732579200000,82525.2,84165.7,79853.9,81476.1,116.29907362,Kraken
2024-11-27,1732665600000,81469.5,85765.7,81434.8,84589.3,43.09902265,Kraken
2024-11-28,1732752000000,84548.6,85112.4,82994.0,84334.3,49.8379688,Kraken
2024-11-29,1732838400000,84339.1,86868.0,83908.8,85673.8,42.85659328,Kraken
2024-11-30,1732924800000,85704.2,85761.3,84771.9,85073.5,24.7482423,Kraken
2024-12-01,1733011200000,85064.3,85991.5,84500.1,85714.5,17.55019318,Kraken
2024-12-02,1733097600000,85714.5,86592.6,83861.6,84818.6,78.52118985,Kraken
2024-12-03,1733184000000,84818.5,85427.1,82628.1,85030.8,21.16791281,Kraken
2024-12-04,1733270400000,84997.6,87500.0,83700.1,87089.1,54.60828687,Kraken
2024-12-05,1733356800000,87068.6,91058.7,81354.8,85376.9,165.7878561,Kraken
2024-12-06,1733443200000,85315.7,89433.0,84861.6,87693.9,28.65807369,Kraken
2024-12-07,1733529600000,87578.2,88196.5,86895.4,87582.4,7.31386655,Kraken
2024-12-08,1733616000000,87574.3,88827.3,86553.9,88827.3,23.50057749,Kraken
2024-12-09,1733702400000,88733.2,88747.9,82661.2,85571.7,31.66790621,Kraken
2024-12-10,1733788800000,85447.0,86521.5,83246.5,85355.6,28.95784707,Kraken
2024-12-11,1733875200000,85382.5,89800.0,84665.1,89234.9,59.16933092,Kraken
2024-12-12,1733961600000,89204.3,90890.0,88407.4,89023.9,24.51399607,Kraken
2024-12-13,1734048000000,89014.5,90778.7,88462.4,90290.6,30.0442312,Kraken
2024-12-14,1734134400000,90381.7,90900.1,89474.1,90288.0,36.8208989,Kraken
2024-12-15,1734220800000,90322.3,92915.2,90238.0,92521.8,29.28603127,Kraken
2024-12-16,1734307200000,92687.4,95800.0,92291.8,94260.5,58.33282362,Kraken
2024-12-17,1734393600000,94377.7,96744.8,94000.1,94625.1,34.06352426,Kraken
2024-12-18,1734480000000,94676.8,95110.0,90149.9,90233.5,40.09340466,Kraken
2024-12-19,1734566400000,90453.7,92324.0,86000.0,87720.2,36.66319148,Kraken
2024-12-20,1734652800000,87648.5,88136.7,82400.1,87263.3,77.58446025,Kraken
2024-12-21,1734739200000,87336.0,88925.5,86438.4,87138.3,16.65521055,Kraken
2024-12-22,1734825600000,87215.8,87282.8,84501.1,85094.9,27.18183579,Kraken
2024-12-23,1734912000000,85058.6,86502.1,83200.0,85167.3,23.58821772,Kraken
2024-12-24,1734998400000,85167.4,89282.8,83995.3,88599.0,23.78268621,Kraken
2024-12-25,1735084800000,88724.4,89637.3,86100.0,89318.0,17.00473094,Kraken
2024-12-26,1735171200000,89352.1,89783.2,85625.2,86009.3,25.64420236,Kraken
2024-12-27,1735257600000,86032.5,87809.5,84485.0,85056.0,20.37792195,Kraken
2024-12-28,1735344000000,85140.3,86106.9,85000.0,85999.1,4.0478523,Kraken
2024-12-29,1735430400000,85966.3,85966.3,83600.2,84304.9,15.19261572,Kraken
2024-12-30,1735516800000,84283.2,85669.3,81100.0,83664.4,47.26058463,Kraken
2024-12-31,1735603200000,83668.4,86763.4,83056.6,84293.1,12.80641222,Kraken
2025-01-01,1735689600000,84218.5,85770.4,83314.2,85347.8,10.4626048,Kraken
2025-01-02,1735776000000,85292.7,88299.5,85121.0,87279.3,16.73097081,Kraken
2025-01-03,1735862400000,87502.5,89999.0,87000.0,89233.6,18.08090243,Kraken
2025-01-04,1735948800000,89346.3,89802.9,88738.4,89318.0,6.51737355,Kraken
2025-01-05,1736035200000,89318.0,89563.9,88266.9,89375.2,7.7130297,Kraken
2025-01-06,1736121600000,89341.4,92664.6,89145.1,92402.5,33.22394232,Kraken
2025-01-07,1736208000000,92402.5,92734.9,87500.0,88279.3,33.03635736,Kraken
2025-01-08,1736294400000,88286.3,88500.1,84521.0,86736.0,19.85219967,Kraken
2025-01-09,1736380800000,86704.4,86833.0,83376.1,84398.4,19.7757215,Kraken
2025-01-10,1736467200000,84457.2,87745.9,84457.2,86984.4,15.30404388,Kraken
2025-01-11,1736553600000,86861.6,86995.3,86217.2,86820.1,4.20785631,Kraken
2025-01-12,1736640000000,86700.7,87307.4,86000.0,86740.4,15.04034939,Kraken
2025-01-13,1736726400000,86729.1,87863.1,82012.9,86516.2,61.48440889,Kraken
2025-01-14,1736812800000,86603.4,89139.7,86484.6,88194.6,23.13668212,Kraken
2025-01-15,1736899200000,88072.7,91800.0,88001.1,91527.3,20.00907273,Kraken
2025-01-16,1736985600000,91603.9,91800.0,88979.3,90975.4,26.23105223,Kraken
2025-01-17,1737072000000,91030.3,96500.0,90923.2,95143.0,46.36842989,Kraken
2025-01-18,1737158400000,95182.4,95750.0,93255.3,95299.8,13.25979348,Kraken
2025-01-19,1737244800000,95412.4,96972.5,91008.2,92316.7,29.25705814,Kraken
2025-01-20,1737331200000,92426.9,99300.0,90817.2,92301.4,111.25537777,Kraken
2025-01-21,1737417600000,92601.4,97100.0,91029.0,96253.5,29.25597521,Kraken
2025-01-22,1737504000000,96286.9,96292.5,93895.0,93925.4,11.24629314,Kraken
2025-01-23,1737590400000,93948.3,96904.8,91847.5,94413.0,49.14237457,Kraken
2025-01-24,1737676800000,94313.3,96873.4,93233.0,94859.7,21.13328,Kraken
2025-01-25,1737763200000,94993.5,95358.2,94428.0,94959.2,5.6087553,Kraken
2025-01-26,1737849600000,94954.9,95406.6,93000.0,93082.8,8.10943026,Kraken
2025-01-27,1737936000000,93061.2,93546.2,88213.7,92267.7,56.64152483,Kraken
2025-01-28,1738022400000,92366.2,93800.0,90619.7,91630.1,21.2538502,Kraken
2025-01-29,1738108800000,91630.1,95000.0,91630.1,94118.0,18.25663562,Kraken
2025-01-30,1738195200000,94058.9,96352.7,93778.9,95218.1,43.5960251,Kraken
2025-01-31,1738281600000,95155.9,96108.6,92522.1,93368.1,25.54393449,Kraken
2025-02-01,1738368000000,93407.6,93757.3,91700.0,91795.5,11.52068113,Kraken
2025-02-02,1738454400000,91977.7,92628.7,88082.3,89268.5,45.75134567,Kraken
2025-02-03,1738540800000,89318.0,93275.0,83698.4,92504.1,84.52715652,Kraken
2025-02-04,1738627200000,92504.1,92685.9,87200.8,88769.4,23.92275992,Kraken
2025-02-05,1738713600000,88766.4,89497.4,86863.7,87077.9,18.62773906,Kraken
2025-02-06,1738800000000,87185.7,89775.5,86685.0,87351.4,22.10964457,Kraken
2025-02-07,1738886400000,87491.4,90947.8,87210.7,87878.7,31.47519966,Kraken
2025-02-08,1738972800000,87910.9,88316.4,87301.0,88160.2,13.24030584,Kraken
2025-02-09,1739059200000,88100.1,88735.1,86306.8,87978.3,6.00529236,Kraken
2025-02-10,1739145600000,87975.1,89473.0,87089.1,88748.9,15.70717535,Kraken
2025-02-11,1739232000000,88839.8,89797.9,86679.4,87457.7,21.76883383,Kraken
2025-02-12,1739318400000,87627.1,89544.8,86100.0,89207.2,26.18895109,Kraken
2025-02-13,1739404800000,89413.6,89513.7,86226.4,87198.4,17.22050942,Kraken
2025-02-14,1739491200000,87285.4,88907.8,86689.7,87774.2,12.40662581,Kraken
2025-02-15,1739577600000,87722.9,88116.4,86926.6,87724.6,8.32609379,Kraken
2025-02-16,1739664000000,87772.1,87850.6,86504.9,86547.0,3.28656948,Kraken
2025-02-17,1739750400000,86531.7,87331.7,85755.3,86241.6,14.16598781,Kraken
2025-02-18,1739836800000,86287.6,87089.1,83780.0,86291.8,46.12885983,Kraken
2025-02-19,1739923200000,86240.4,87470.8,85822.4,87389.8,25.81239612,Kraken
2025-02-20,1740009600000,87338.1,88716.8,87155.4,88307.1,21.43724774,Kraken
2025-02-21,1740096000000,88354.5,89479.3,85258.5,86458.6,61.4793907,Kraken
2025-02-22,1740182400000,86381.9,87156.5,86151.1,86812.2,11.5651635,Kraken
2025-02-23,1740268800000,86806.3,86844.4,85500.1,86462.5,11.19760234,Kraken
2025-02-24,1740355200000,86463.3,86988.0,81802.5,82008.0,51.04128403,Kraken
2025-02-25,1740441600000,81996.7,82946.1,76609.3,79231.7,111.87730407,Kraken
2025-02-26,1740528000000,79143.5,79970.8,73254.0,75288.2,53.46485821,Kraken
2025-02-27,1740614400000,75257.2,78205.8,74090.1,76243.7,26.58197451,Kraken
2025-02-28,1740700800000,76224.2,76686.4,70423.8,76336.2,100.28007049,Kraken
2025-03-01,1740787200000,76170.1,78151.5,75696.4,77741.8,14.09902288,Kraken
2025-03-02,1740873600000,77970.9,86499.8,77053.5,85150.6,84.06048786,Kraken
2025-03-03,1740960000000,85274.8,85274.8,76400.0,77200.0,70.44497925,Kraken
2025-03-04,1741046400000,77168.5,79099.5,72546.0,77727.7,130.6443591,Kraken
2025-03-05,1741132800000,77728.3,81022.6,77029.4,80815.2,32.88563108,Kraken
2025-03-06,1741219200000,81026.8,83245.0,77611.2,79717.0,70.94084542,Kraken
2025-03-07,1741305600000,79651.1,80578.9,73700.0,76199.6,53.73846154,Kraken
2025-03-08,1741392000000,76250.0,76391.0,75001.0,75871.6,4.86541363,Kraken
2025-03-09,1741478400000,75918.3,76123.2,69518.4,70499.9,52.12172124,Kraken
2025-03-10,1741564800000,70500.0,73630.5,68127.6,69122.7,95.91739116,Kraken
2025-03-11,1741651200000,69247.5,73809.6,67324.8,73162.0,64.72000563,Kraken
2025-03-12,1741737600000,73106.0,74461.5,71372.4,73899.7,49.07382272,Kraken
2025-03-13,1741824000000,73867.4,74253.6,70646.5,71706.6,80.28372986,Kraken
2025-03-14,1741910400000,71669.1,75836.5,71497.8,74432.3,62.04777121,Kraken
2025-03-15,1741996800000,74483.4,75029.1,74138.8,74734.9,4.5601816,Kraken
2025-03-16,1742083200000,74748.9,75378.7,72652.9,73200.0,19.19975868,Kraken
2025-03-17,1742169600000,73100.0,74678.8,72378.8,74160.5,39.11916162,Kraken
2025-03-18,1742256000000,74160.4,74160.4,71301.0,72473.3,35.81238498,Kraken
2025-03-19,1742342400000,72553.9,76160.2,72200.0,75992.6,55.20331838,Kraken
2025-03-20,1742428800000,76199.6,76500.0,73816.6,74275.0,40.47527028,Kraken
2025-03-21,1742515200000,74261.7,74969.8,73479.6,74305.4,17.0051856,Kraken
2025-03-22,1742601600000,74315.4,74742.3,74005.1,74119.9,3.08167326,Kraken
2025-03-23,1742688000000,74119.9,75888.0,74103.0,75832.7,28.00745564,Kraken
2025-03-24,1742774400000,75925.0,80164.9,71000.0,77159.8,140.52043904,Kraken
2025-03-25,1742860800000,77143.1,78146.2,76236.0,77150.0,23.9721392,Kraken
2025-03-26,1742947200000,77186.9,78499.8,76002.7,76886.2,44.38953588,Kraken
2025-03-27,1743033600000,76890.4,77559.8,75870.0,76992.0,16.76791843,Kraken
2025-03-28,1743120000000,76948.5,77174.5,73576.1,74399.1,19.1055787,Kraken
2025-03-29,1743206400000,74428.7,74642.7,70153.0,72908.3,37.68669536,Kraken
2025-03-30,1743292800000,72936.3,73718.5,72000.0,72438.9,9.46012451,Kraken
2025-03-31,1743379200000,72574.8,73879.9,71449.8,72898.8,60.38080345,Kraken
2025-04-01,1743465600000,72928.4,75554.8,72828.8,75381.5,24.4088255,Kraken
2025-04-02,1743552000000,75342.1,77777.0,72301.3,72457.5,18.64177898,Kraken
2025-04-03,1743638400000,72313.4,73892.9,69515.6,71502.3,58.97259911,Kraken
2025-04-04,1743724800000,71502.1,72799.0,69344.3,72163.5,52.11148899,Kraken
2025-04-05,1743811200000,72124.3,72313.4,70994.4,71711.1,7.83986218,Kraken
2025-04-06,1743897600000,71724.4,71739.3,65501.1,66671.3,45.36645163,Kraken
2025-04-07,1743984000000,66671.1,70254.1,62392.7,68008.8,108.65158956,Kraken
2025-04-08,1744070400000,68072.9,69200.0,64452.6,64507.5,27.97016536,Kraken
2025-04-09,1744156800000,64481.3,71616.8,62948.9,70763.9,63.49066694,Kraken
2025-04-10,1744243200000,70732.0,70769.4,64700.0,65410.7,37.56455693,Kraken
2025-04-11,1744329600000,65419.5,68887.9,64700.0,67951.5,41.14364663,Kraken
2025-04-12,1744416000000,67952.1,70050.0,67404.1,69542.2,31.47286251,Kraken
2025-04-13,1744502400000,69630.9,70128.1,67800.0,68456.6,19.41040109,Kraken
2025-04-14,1744588800000,68501.6,70348.3,68000.1,69069.4,23.40125506,Kraken
2025-04-15,1744675200000,69112.6,70552.7,68699.9,68699.9,32.31359904,Kraken
2025-04-16,1744761600000,68717.1,69749.3,67825.8,68500.0,26.66616422,Kraken
2025-04-17,1744848000000,68411.0,70100.0,68410.2,69687.9,14.07310347,Kraken
2025-04-18,1744934400000,69650.9,69681.8,69000.0,69065.8,2.70786249,Kraken
2025-04-19,1745020800000,69076.3,69932.8,69000.0,69623.5,6.14301434,Kraken
2025-04-20,1745107200000,69590.4,69766.7,68609.9,69231.7,6.9613236,Kraken
2025-04-21,1745193600000,69303.5,71288.0,69249.2,70795.2,25.55522775,Kraken
2025-04-22,1745280000000,70874.9,77568.5,70763.9,77350.0,50.21992319,Kraken
2025-04-23,1745366400000,77365.4,78400.0,75509.9,77725.6,61.24694485,Kraken
2025-04-24,1745452800000,77843.5,77850.9,75795.4,77777.0,43.27448712,Kraken
2025-04-25,1745539200000,77777.0,79456.0,77168.5,78596.8,36.21070724,Kraken
2025-04-26,1745625600000,78557.0,78860.6,77905.4,78606.2,9.82931315,Kraken
2025-04-27,1745712000000,78531.6,79124.8,77657.0,77750.6,10.3289001,Kraken
2025-04-28,1745798400000,77787.0,79454.1,76471.6,78020.0,40.79438635,Kraken
2025-04-29,1745884800000,78020.0,78695.7,77309.2,77692.9,26.10968105,Kraken
2025-04-30,1745971200000,77672.4,78600.0,76600.0,77925.8,36.62555876,Kraken
2025-05-01,1746057600000,77913.6,81045.1,77913.6,80029.9,52.41728659,Kraken
2025-05-02,1746144000000,80108.9,80997.9,79500.0,80247.5,14.35514376,Kraken
2025-05-03,1746230400000,80284.1,80284.1,79347.2,79371.3,4.77757848,Kraken
2025-05-04,1746316800000,79398.6,79643.2,77740.9,77857.2,5.53045725,Kraken
2025-05-05,1746403200000,77847.7,78517.7,77069.8,78000.1,21.46392014,Kraken
2025-05-06,1746489600000,78000.1,80000.0,76993.3,80000.0,11.26897067,Kraken
2025-05-07,1746576000000,80000.0,80704.3,78563.8,79913.5,20.58956449,Kraken
2025-05-08,1746662400000,79932.8,86000.0,79859.2,85376.7,63.34154984,Kraken
2025-05-09,1746748800000,85376.7,86880.9,84775.1,85686.0,40.61394363,Kraken
2025-05-10,1746835200000,85698.2,87026.3,85507.5,86887.1,13.53110483,Kraken
2025-05-11,1746921600000,86932.0,87133.8,85893.8,86726.0,22.87915683,Kraken
2025-05-12,1747008000000,86798.4,88916.7,85427.9,87000.0,53.52174037,Kraken
2025-05-13,1747094400000,87000.1,88100.0,85812.4,87507.6,11.85344554,Kraken
2025-05-14,1747180800000,87442.0,87442.0,86057.7,87205.2,12.24484297,Kraken
2025-05-15,1747267200000,87184.4,87393.5,85033.8,86549.9,18.0447813,Kraken
2025-05-16,1747353600000,86730.1,87780.6,86061.1,86701.2,19.0102289,Kraken
2025-05-17,1747440000000,86686.9,86967.2,86049.3,86564.2,14.70967041,Kraken
2025-05-18,1747526400000,86522.5,88954.0,86494.3,88954.0,56.75863507,Kraken
2025-05-19,1747612800000,88914.9,89182.3,85300.3,88184.4,62.65503772,Kraken
2025-05-20,1747699200000,88168.2,91000.0,87000.8,88355.8,53.72801074,Kraken
2025-05-21,1747785600000,88420.8,91000.0,87500.0,90318.6,76.26839286,Kraken
2025-05-22,1747872000000,90320.9,92494.6,89946.4,92185.4,48.64701552,Kraken
2025-05-23,1747958400000,92199.9,92199.9,87850.0,88103.5,32.12827063,Kraken
2025-05-24,1748044800000,88196.5,89999.6,88037.4,88546.8,5.84380527,Kraken
2025-05-25,1748131200000,88611.6,89598.0,87461.7,89551.9,13.66136183,Kraken
2025-05-26,1748217600000,89598.0,90586.7,89400.5,89845.9,42.22081031,Kraken
2025-05-27,1748304000000,89901.1,91976.9,88324.7,90232.1,61.53907138,Kraken
2025-05-28,1748390400000,90216.6,90445.7,88518.6,89802.9,31.90236656,Kraken
2025-05-29,1748476800000,89830.9,90374.1,86869.7,86885.7,23.13698368,Kraken
2025-05-30,1748563200000,86942.5,87706.7,85500.0,85791.3,19.86318437,Kraken
2025-05-31,1748649600000,85738.6,86455.6,85004.2,86218.9,15.12991612,Kraken
2025-06-01,1748736000000,86207.5,87244.6,85500.1,87087.2,4.60247632,Kraken
2025-06-02,1748822400000,87044.9,87044.9,84800.0,86486.6,16.89815033,Kraken
2025-06-03,1748908800000,86457.5,87786.2,85911.8,86746.4,30.5122222,Kraken
2025-06-04,1748995200000,86746.0,87380.6,85598.9,85829.0,36.50685953,Kraken
2025-06-05,1749081600000,85772.1,86917.8,82309.8,83394.6,54.2204233,Kraken
2025-06-06,1749168000000,83316.8,86840.1,83096.3,85820.0,29.01541091,Kraken
2025-06-07,1749254400000,85806.9,86999.0,85500.1,86858.2,17.86644606,Kraken
2025-06-08,1749340800000,86858.2,87359.4,86391.2,86884.8,26.81331331,Kraken
2025-06-09,1749427200000,86881.5,90350.0,86521.8,90284.4,43.92638816,Kraken
2025-06-10,1749513600000,90350.0,90687.9,89122.0,90538.4,47.86416629,Kraken
2025-06-11,1749600000000,90617.1,90637.9,88314.3,88913.8,21.61685974,Kraken
2025-06-12,1749686400000,88928.7,88957.8,85651.6,85651.6,105.60265937,Kraken
2025-06-13,1749772800000,85600.1,86134.8,83237.9,86102.1,34.83892423,Kraken
2025-06-14,1749859200000,86094.4,86094.4,84699.9,85519.0,7.07226024,Kraken
2025-06-15,1749945600000,85518.9,86002.1,84888.1,85718.8,7.93266348,Kraken
2025-06-16,1750032000000,85737.3,88488.2,85252.9,86793.6,43.16384872,Kraken
2025-06-17,1750118400000,86867.1,87505.0,84318.6,85539.2,35.37094248,Kraken
2025-06-18,1750204800000,85461.0,86211.6,84852.3,85942.6,11.14393179,Kraken
2025-06-19,1750291200000,86020.3,86372.0,85200.0,85525.8,19.07522762,Kraken
2025-06-20,1750377600000,85525.9,87000.0,83850.0,84658.5,53.84681449,Kraken
2025-06-21,1750464000000,84668.3,85268.3,82647.5,83549.5,19.49242041,Kraken
2025-06-22,1750550400000,83591.2,84562.6,80240.4,82393.3,43.11912844,Kraken
2025-06-23,1750636800000,82525.7,85809.2,81200.1,85603.4,62.76030398,Kraken
2025-06-24,1750723200000,85580.3,85812.4,84730.0,85334.6,17.79222226,Kraken
2025-06-25,1750809600000,85376.9,87200.0,85358.6,86278.1,30.73150978,Kraken
2025-06-26,1750896000000,86407.8,86989.8,85502.3,85726.0,7.85049694,Kraken
2025-06-27,1750982400000,85767.2,86300.0,85117.1,85675.0,12.79804448,Kraken
2025-06-28,1751068800000,85684.2,86048.7,85530.3,85849.7,2.46849284,Kraken
2025-06-29,1751155200000,85850.5,86770.0,85762.8,86603.9,15.64146536,Kraken
2025-06-30,1751241600000,86595.4,87005.4,84932.4,84971.3,19.54968608,Kraken
2025-07-01,1751328000000,85029.6,85177.2,83501.5,83616.5,18.3824632,Kraken
2025-07-02,1751414400000,83694.4,86870.1,83311.1,86145.9,24.12243109,Kraken
2025-07-03,1751500800000,86155.1,87836.0,85886.7,87129.2,26.06332954,Kraken
2025-07-04,1751587200000,87121.2,87122.2,85290.0,85956.0,22.66613436,Kraken
2025-07-05,1751673600000,85906.6,86222.1,85825.2,86009.0,1.39333499,Kraken
2025-07-06,1751760000000,86093.8,86141.9,85793.6,86053.3,1.61980241,Kraken
